publish_time,video_ID,Title,viewCount,likeCount,dislikeCount,favoriteCount,commentCount
2018-12-07T13:01:21.000Z,hA6hldpSTF8,Marvel Studios&#39; Avengers - Official Trailer,99143403,3263027,50883,0,296671
2018-09-17T12:48:27.000Z,-3jsfXDZLIY,Mary Poppins Returns | Official Trailer,16004951,180333,9511,0,20590
2018-09-04T13:01:53.000Z,SYb-wkehT1g,THE FAVOURITE | Official Trailer | FOX Searchlight,9737469,33267,1302,0,2029
2018-06-27T15:59:13.000Z,rI054ow6KJk,MANDY - Official Trailer,3970505,21395,809,0,2623
2018-06-25T00:20:04.000Z,3MM8OkVT0hw,The Hate U Give | Official Trailer [HD] | 20th Century FOX,19207808,220799,9003,0,21209
2018-06-04T16:00:03.000Z,_BcYBFC6zfY,Ralph Breaks the Internet: Wreck-It Ralph 2 Official Trailer,18981005,238641,14952,0,38740
2018-04-26T16:27:01.000Z,_07ktacEGo8,LEAVE NO TRACE | Official Trailer,4509274,8134,441,0,1001
2018-04-24T03:45:03.000Z,u9Mv98Gr5pY,VENOM - Official Trailer (HD),79691518,1405670,51771,0,130150
2018-04-13T12:00:05.000Z,i5qOzqD9Rms,Incredibles 2 Official Trailer,128862297,428708,24995,0,28132
2018-04-09T00:45:48.000Z,jPEYpryMp2s,Solo: A Star Wars Story Official Trailer,18784904,215407,26946,0,31859
2018-03-29T13:00:04.000Z,hCF5Y8dQpR4,First Reformed | Official Trailer HD | A24,5687905,10577,558,0,1056
2018-03-22T12:59:16.000Z,D86RtevtfrA,Deadpool 2 | The Trailer,46899581,631193,16698,0,30981
2018-03-20T12:28:59.000Z,FhwktRDG_aQ,WON&#39;T YOU BE MY NEIGHBOR? - Official Trailer [HD] - In Select Theaters June 8,5450796,115784,2568,0,10007
2018-03-14T13:00:05.000Z,y8lFgF_IjPw,Eighth Grade | Official Trailer HD | A24,6169030,66901,5833,0,8618
2018-03-08T16:04:13.000Z,Bf6D-i8YpHg,THE GRINCH Official Trailer (2018),16012453,68542,8487,0,4429
2018-01-30T13:55:41.000Z,8_rTIAOohas,Marvel Studios&#39; Ant-Man and the Wasp - Official Trailer #1,16841315,350626,7053,0,26439
2017-12-13T14:00:03.000Z,89OP78l9oF0,Annihilation (2018) - Official Trailer - Paramount Pictures,18480389,70771,6330,0,12713
2017-12-08T01:44:25.000Z,vn9mMeWcgoM,Jurassic World: Fallen Kingdom - Official Trailer [HD],63567542,633307,34431,0,70032
2017-10-16T13:00:07.000Z,xjDjIWPwcPU,Marvel Studios&#39; Black Panther - Official Trailer,44747748,450130,17397,0,53621
2017-10-03T21:59:24.000Z,xNWSGRD5CzU,Toy Story 2 (1999) Trailer #1 | Movieclips Classic Trailers,154553,552,39,0,47
2017-10-03T07:57:49.000Z,52x5HJ9H8DM,PADDINGTON 2 - Official Film Trailer (International),5043918,12106,1045,0,695
2017-09-28T14:00:00.000Z,LtJ60u7SUSw,Darkest Hour - Official International Trailer (Universal Pictures) HD,5295278,13458,834,0,2480
2017-09-05T13:00:06.000Z,cNi_HC839Wo,Lady Bird | Official Trailer HD | A24,15544278,88248,2850,0,3281
2017-07-19T13:59:40.000Z,XFYWazblaUA,THE SHAPE OF WATER | Official Trailer | FOX Searchlight,23321741,117140,6942,0,9856
2017-06-28T13:00:13.000Z,AXCTMGYUg9A,The Greatest Showman | Official Trailer [HD] | 20th Century FOX,21138929,94923,2726,0,5321
2017-06-01T13:00:34.000Z,Mq4m3yAoW8E,Murder on the Orient Express | Official Trailer [HD] | 20th Century FOX,12997766,73365,5136,0,8637
2017-05-08T16:35:21.000Z,gCcx85zbxz4,BLADE RUNNER 2049 - Official Trailer,29284261,168911,9716,0,17892
2017-04-26T17:05:23.000Z,D4Q_XYVescc,Official Call of Duty®: WWII Reveal Trailer,23980093,1067302,103667,0,159502
2017-04-26T16:00:00.000Z,2LeOH9AGJQM,Cars 3 - Official US Trailer,22922899,143637,8533,0,13450
2017-04-14T15:56:13.000Z,zB4I68XVPzQ,Star Wars: The Last Jedi Official Teaser,45085861,593372,30984,0,50522
2017-04-10T13:00:10.000Z,v7MGUNV8MxU,Thor: Ragnarok Teaser Trailer [HD],50974142,600443,20361,0,55442
2017-03-23T16:45:12.000Z,Jit3YhGx5pU,"THREE BILLBOARDS OUTSIDE EBBING, MISSOURI | Official Red Band Trailer | FOX Searchlight",8958832,36810,1800,0,3115
2016-12-25T04:59:46.000Z,H0VW6sg50Pk,Alien: Covenant | Teaser Trailer [HD] | 20th Century FOX,21232031,122771,10685,0,18592
2016-12-14T15:00:12.000Z,F-eMt3SrfFU,Dunkirk - Trailer 1 [HD],41583257,265150,10002,0,30462
2016-12-09T14:00:12.000Z,UEP1Mk6Un98,War for the Planet of the Apes | Teaser Trailer [HD] | 20th Century FOX,15962094,88286,3703,0,7696
2016-12-03T23:03:40.000Z,dW1BIid8Osg,Guardians of the Galaxy Vol. 2 Teaser Trailer,21356615,244644,3993,0,17557
2016-11-14T17:54:09.000Z,g9pW3B8Ycc4,JACKIE | OFFICIAL TRAILER | FOX Searchlight,4433991,14566,443,0,1420
2016-11-03T16:00:54.000Z,1Q8fG0TtVAY,WONDER WOMAN - Official Trailer [HD],27610944,233087,9111,0,26082
2016-10-20T02:16:41.000Z,4mcVodJmBlU,A Cure for Wellness | Teaser Trailer [HD] | 20th Century FOX,5079608,9195,424,0,890
2016-10-08T19:15:30.000Z,XGk2EfbD_Ps,John Wick: Chapter 2 Official Trailer #1 (2017) Keanu Reeves Action Movie HD,18633272,82473,1856,0,6882
2016-09-27T13:03:14.000Z,a2m6Jvp0bUw,Fences Teaser Trailer (2016) - Paramount Pictures,4703369,14723,406,0,1677
2016-09-15T12:47:05.000Z,LKFuXETZUsI,Moana Official Trailer,36157709,151888,8480,0,12905
2016-08-23T13:20:05.000Z,DBUXcNTjviI,La La Land (2016 Movie) Official Teaser Trailer – &#39;Audition (The Fools Who Dream)&#39;,5653944,24758,850,0,1803
2016-08-16T14:00:03.000Z,tFMo3UJ4B4g,Arrival Trailer (2016) - Paramount Pictures,20877405,96959,4984,0,13801
2016-08-11T15:00:01.000Z,9NJj12tJzqc,Moonlight | Official Trailer HD | A24,16100744,54012,5801,0,6959
2016-06-29T23:30:38.000Z,mjKEXxO2KNE,Sully - Official Trailer [HD],16005112,60000,2230,0,8448
2016-05-24T13:18:08.000Z,0tkLUap7oGQ,"Finding Dory Official Trailer #2 (2016) - Ellen DeGeneres, Albert Brooks Movie HD",5182740,23873,901,0,1614
2016-04-25T19:38:27.000Z,17SGrfN6IGA,X-Men: Apocalypse - Official Domestic Trailer #4,91751,2681,79,0,406
2016-04-13T03:53:41.000Z,Lt-U_t2pUHI,Marvel&#39;s Doctor Strange Teaser Trailer,23892323,212934,7535,0,23999
2016-03-22T22:32:03.000Z,GQR5zsLHbYw,The Nice Guys - Main Trailer [HD],8530779,18152,645,0,1075
2015-12-14T16:03:45.000Z,XRVD32rnzOw,Star Trek Beyond - Trailer (2016) - Paramount Pictures,18853055,67708,26922,0,19398
2015-12-13T20:39:47.000Z,LbduDRH2m2M,Independence Day: Resurgence | Official Trailer [HD] | 20th Century FOX,26856839,96135,6215,0,14977
2015-12-10T01:30:01.000Z,qoWqNuHrK0E,The Legend of Tarzan - Official Trailer #1,27517,356,26,0,96
2015-11-25T05:15:53.000Z,uVdV-lxRPFo,Captain America: Civil War - Trailer World Premiere,60367178,356830,11078,0,55587
2015-11-23T17:07:53.000Z,yCOPJi0Urq4,Zootopia Official Sloth Trailer (2016) - Disney Animated Movie HD,6801623,34081,888,0,2011
2015-10-09T15:00:05.000Z,kMqeoW3XRa0,"Hail, Caesar! - Official Trailer (HD)",10825087,22545,1985,0,2242
2015-09-15T16:00:03.000Z,HcgJRQWxKnw,The Jungle Book Official US Teaser Trailer,25685827,86805,4785,0,10241
2015-08-05T02:59:22.000Z,FyKWUTwSYAs,Deadpool | Red Band Trailer [HD] | 20th Century FOX,43076502,565197,13646,0,37211
2015-07-21T16:00:00.000Z,O-RgquKVTPE,The Good Dinosaur - Official US Trailer,18739306,44528,3546,0,6278
2015-07-13T20:00:04.000Z,PLLQK9la6Go,Suicide Squad - Comic-Con First Look [HD],70255009,454473,20054,0,54631
2015-07-11T19:09:23.000Z,0WWzgGyAH6Y,Batman v Superman: Dawn of Justice - Comic-Con Trailer [HD],74094574,466449,19587,0,93352
2015-06-11T15:58:28.000Z,g9lmhBYB11U,Zootopia US Teaser Trailer,15061033,60364,3466,0,12195
2014-12-11T14:00:53.000Z,yRUAzGQ3nSY,Inside Out - Official US Trailer,8831774,20155,1957,0,1174
2014-11-12T12:56:57.000Z,UoguzoKf7MY,Tinkerbell and the Legend of the Neverbeast Official Trailer #1 (2015) HD,28772,127,5,0,9
2014-07-15T14:50:19.000Z,z3biFxZIJOQ,Disney&#39;s Big Hero 6 - Official US Trailer 1,20125072,54803,3506,0,6671
2014-02-05T18:33:01.000Z,uYXxqwk7EMY,Planes: Fire &amp; Rescue Official Trailer #2 (2014) - Disney Sequel HD,136976,745,310,0,206
2013-12-04T19:06:05.000Z,nqYPKMihYPE,Tinkerbell And The Pirate Fairy Official UK Trailer (2014) - Tom Hiddleston Movie HD,703382,1376,89,0,134
2013-11-16T00:58:58.000Z,xbqNb2PFKKA,"The Incredible Hulk (2008) Official Trailer - Edward Norton, Liv Tyler Movie HD",4811510,12219,903,0,1159
2013-09-26T18:32:25.000Z,TbQm5doF_Uc,Disney&#39;s Frozen Official Trailer,35518523,58892,9164,0,7633
2013-05-28T17:23:48.000Z,YRjztG65XgI,Planes Official Trailer #1 (2013) - Dane Cook Disney Animated Movie HD,897045,1858,520,0,538
2013-04-12T20:25:18.000Z,BoohRoVA9WQ,Iron Man 2 Official Trailer #1 (2010) - Marvel Movie HD,1385019,6286,234,0,371
2013-02-11T16:20:50.000Z,QxrQ6BaijAY,Monsters University NEW Trailer (2013) - Pixar Movie HD,3551166,9572,748,0,1286
2012-07-19T23:03:38.000Z,UpFv8M2HdQ4,SECRET OF THE WINGS - Trailer,2743385,2711,617,0,277
2012-06-26T16:43:36.000Z,29vIJQohUWE,Frankenweenie Official Trailer #2 (2012) Tim Burton Movie HD,245921,1485,57,0,135
2012-06-06T19:29:50.000Z,vf4r5q8-aWo,Wreck-It Ralph Official Trailer #1 (2012) Disney Animated Movie HD,2710483,8750,444,0,2031
2012-04-24T16:43:34.000Z,6CKcqIahedc,Brave Official Trailer #3 (2012) Pixar Movie HD,725513,2466,109,0,225
2011-05-12T00:09:39.000Z,lg5hj2c5Nkk,Cars 2 - Theatrical Trailer,10608090,5792,1910,0,350
2010-12-09T15:28:37.000Z,JOddp-nlNvQ,Thor - Trailer (OFFICIAL),24765955,57154,2324,0,13157
2010-11-22T22:08:06.000Z,yBFUAW6jC_M,MARS NEEDS MOMS Trailer #1,1063675,2138,597,0,244
2010-11-09T02:08:48.000Z,QbFz--GCkOM,Winnie the Pooh Official Trailer,3303444,14724,448,0,2919
2010-09-15T22:49:43.000Z,JYKpIr1lSG0,Tangled - Official Trailer 2,3091643,3904,467,0,146
2009-12-25T07:08:13.000Z,HHhtFIF9VSg,TinkerBell and The Great Fairy Rescue - Official Trailer #1,385203,192,41,0,31
2009-12-07T23:43:44.000Z,8hYlB38asDY,Iron Man - Trailer [HD],3963742,21010,478,0,3201
2009-10-13T22:26:06.000Z,JcpWXaA2qeg,Toy Story 3: Trailer,9989582,12832,2140,0,615